siteID,Name,area_mn,shape_mn,contig_mn,enn_mn
84,Tnca,10.2,1.3012072912494335,0.39443969299575804,60
85,Cape Cod Cooperative Extension Field Office,1.464,1.4650024919488727,0.2433591741265296,80.71154852918049
86,Tuckahoe State Park,4.2749999999999995,1.2671955181735595,0.37594440338342777,69.35240796333873
55,Hemlock Bluffs,2.8,1.5224308844729464,0.4658312056794419,64.9071198499986
105,Wellesley College,1.656,1.4084259164528734,0.3198770220338848,72.23938997881305
104,The Children's Museum,0.44999999999999996,1.5555555555555556,0.3,NA
103,TMS,2.5875,1.801150111882277,0.47737451737451736,135.79912177625653
102,Bolton Flats WMA,3.6899999999999995,1.5893664017895661,0.4206457925636008,80.23435436459297
101,Mass Audubon's Boston Nature Center,1.0309090909090908,1.4294853796109037,0.33925593123454084,93.60675139426336
99,Currituck Banks Reserve,7.38,1.875,0.7723577235772358,NA
98,South Shore Natural Science Center,2.727692307692308,1.8065976390635325,0.33192373269965586,63.546071670566675
97,Museum of American Bird Art,4.038749999999999,1.434664007303326,0.3683531746031746,74.59845835122064
96,Mass Audubon's Broadmoor Wildlife Sanctuary,3.8609999999999998,1.791367491534145,0.5091746487785739,68.80493008474119
93,Walker Nature Center,2.62125,1.4727619240399563,0.2987729876701086,63.94978044406413
80,Duke School,8.43,1.9383982939232034,0.5369276819716583,65.8113883008419
81,Roxbury Park,2.6614285714285715,1.8724449401580747,0.4230260902810737,69.8595560560533
82,Mataniuck State Park,13.32,1.681493974210323,0.41122396971020825,67.08203932499369
83,Environmental Sciences Magnet School,0.15,1.0392156862745099,0.1111111111111111,166.7869157073328
87,Bio group 30-31,2.142,1.6960966447536925,0.40594502516453734,138.44676733225324
88,Zoo Knoxville,1.1828571428571428,1.500575749930457,0.30329670329670333,61.01171990357053
89,Ijams Nature Center,14.97,1.9733573847446755,0.6224473633596941,90
91,The New York Botanical Garden,3.2039999999999997,1.323890372193075,0.3359408939014202,60
90,Pritchard Park (Chapel Hill Public Library),1.2214285714285713,1.438746842966752,0.2529456430666108,69.96959109106827
78,NC Botanical Garden,1.6673684210526314,1.3898786750673184,0.28819091102000893,61.86369455920887
77,Prairie Ridge Ecostation,1.2825,1.4362745098039216,0.42291666666666666,94.94534264693618
40,Red Top Mountain State Park,15.0525,1.9753334169064445,0.5868206587846057,60
46,Fresh Pond Reservation,0.864,1.2667020713159016,0.32311212814645307,166.46613304323375
47,Calvin College Ecosystem Preserve,15.75,1.964735516372796,0.8352380952380952,NA
49,Beus Pond,0.8999999999999999,2.0526315789473686,0.31666666666666665,NA
50,Linda Loring Nature Foundation,1.2899999999999998,1.3719503473323507,0.36342592592592593,121.281788551495
51,Acadia NP - Sundew,6.345,1.883870657062481,0.42487201623652004,121.48529270389177
52,Acadia NP - Alder,30.509999999999998,2.506006311717398,0.6207085828343313,94.86832980505137
53,Crawford Park District,5.436,1.5166584982693025,0.474280102923319,115.31726674375732
54,Kalamazoo Nature Center,57.87,3.7253613666228644,0.8408501814411612,NA
56,Stage Nature Center,2.455714285714286,1.4332521220276322,0.3680000455466739,73.19008813055815
57,Piedmont Wildlife Center,1.6724999999999999,1.3270124399413155,0.36313782195268046,64.67620398166937
59,Jordan Lake SRA,13.302,1.4934685233875653,0.7824272846720068,60
60,UNC Chapel Hill Campus,0.18,1.0772058823529411,0.11458333333333334,282.8047383118907
61,Pfeiffer University,3.609,1.382636224156875,0.3126926523297491,74.3576734888888
63,Cradle Heritage Site,34.47,1.7803353899699412,0.8892034805890228,60
65,"College of Charleston Plantation, Hollywood SC",8.7525,1.8378990786727845,0.672204715219421,66.21320343559643
66,CawCaw Interpretive Center,3.9419999999999997,1.8246695476321746,0.4550330457307201,158.91999303008532
68,NC State University,0.09,1,0,NA
69,Forest Meadow (TNCA),8.924999999999999,1.707577014178712,0.4365242705552004,70.6155281280883
70,Plants of Promise Garden (TNCA),7.154999999999999,1.567856452105211,0.48694420915398184,60
71,Azalea Repository (TNCA),16.74,1.5008294433940357,0.6762810677554105,61.77050983124842
72,Stream Garden (TNCA),10.98,2.047173006906154,0.5793922916425098,60
73,Great Smoky Mountains Institute at Tremont,36.224999999999994,1.573948240034901,0.908585382486261,60
74,Wild Spirit Education,6.354,1.5148523257691946,0.47096326496993657,62.83281572999748
75,"Graham Middle School, Graham, NC",0.4725,1.3546380090497738,0.25983796296296297,247.648166163002
76,Georgetown,3.1319999999999997,1.4516926984140903,0.5830865041391358,67.41640786499873
108,Piney Knoll Conservation Area,11.0925,1.6173341677096371,0.3620387214137214,60
109,The Montessori School,2.565,1.8088031731067669,0.4739717395967396,135.79912177625653
111,Pathfinder Ranch,7.0649999999999995,1.7397557458216728,0.7086555321293693,141.07377520931496
112,NC Museum of Life and Science,4.9319999999999995,1.8241501728045828,0.511700194966324,67.08203932499369
113,BBS 27-041-11,37.08,1.39179260679379,0.9223077285690715,60
114,BBS 27-041-32,36.18,1.4325039006019267,0.9174338973003993,60
115,BBS 63-022-05,36.045,1.6029391660970609,0.9008401412454738,60
116,BBS 63-031-05,34.785,1.8328933124503357,0.8979095151555944,60
117,BBS 63-031-17,16.83,1.61764922370923,0.7970380857206307,60
118,BBS 63-906-15,13.572,1.440248550453563,0.5564765142300407,60
119,BBS 63-906-27,36.17999999999999,1.533749150782385,0.9116061759336613,60
120,BBS 63-906-44,36.675,1.4261253749519958,0.9187940505804311,60
121,BBS 63-909-09,36.629999999999995,1.5010506525105065,0.9156198616887514,60
122,BBS 63-909-44,36.224999999999994,1.6093987071240652,0.9100478355593444,60
123,BBS 63-910-06,34.74,1.9362109744560074,0.8756933694530444,60
124,BBS 63-910-28,23.73,1.4269591916673767,0.6594877861958607,60
125,BBS 63-911-08,33.525,2.333985569279687,0.862420531139036,60
126,BBS 63-911-38,23.52,1.5963020554448943,0.8451493333922274,60
127,BBS 82-042-06,37.035,1.3727068412287946,0.9227379238976579,60
128,BBS 82-042-19,24.33,1.409749601968447,0.8301963469193662,60
129,BBS 82-042-40,22.59,1.655019452049155,0.6862338990176968,60
130,BBS 82-902-43,37.08,1.3786252138421542,0.9231504882871949,60
133,BBS 88-900-09,37.305,1.3638335077380623,0.9220936545987255,60
134,BBS 88-900-29,70.02,2.706093189964158,0.8924592973436161,NA
135,BBS 88-902-23,22.44,2.086150469235183,0.7336021193935321,60
136,BBS 88-902-36,35.864999999999995,1.432555518125988,0.9178182987899737,60
137,BBS 88-905-17,36.989999999999995,1.366639492863835,0.923311756058235,60
138,BBS 88-905-38,36.989999999999995,1.4248346026686622,0.9167456545462287,60
139,BBS 88-907-21,18.27,1.2512048873622048,0.5539155583829025,60
140,BBS 88-907-45,36.224999999999994,1.565844933725251,0.9077652012475181,60
141,BBS 88-920-25,24.029999999999998,1.541211840231973,0.7857844537848875,60
142,BBS 88-920-36,37.125,1.3533037619700425,0.9256756756756757,60
143,BBS 88-921-12,37.035,1.34527644225854,0.9245450122241523,60
144,BBS 88-921-30,36.855000000000004,1.4605945191808303,0.9198912198912199,60
145,BBS 88-922-17,23.61,1.6165572198277616,0.8779119560691722,60
146,BBS 88-922-42,36.18,1.372951782260293,0.9205174798285818,60
147,BBS 88-923-05,36.855,1.4399986029942489,0.9141488779419813,60
148,BBS 88-923-46,18.0675,1.4062657584344915,0.5602593095130408,60
149,Chattahoochee Nature Center,1.562142857142857,1.3483156804919285,0.27861321168283193,96.13555027717099
150,Dunwoody Nature Center,1.5576923076923077,1.4224257382320484,0.2170439760603695,100.24322425925801
151,Blue Heron Nature Preserve,1.2115384615384615,1.6197327195871956,0.35299184560860386,82.92689536753304
152,Austin Nature & Science Center,2.6774999999999998,1.524702829811759,0.3014896275127955,93.87271440578046
153,Blackstone River State Park,2.53,1.4022311063108026,0.41161947561137674,74.12022659166597
158,Columbus Botanical Garden,0.69,1.2818419044565619,0.24311312469207205,86.72911044013787
160,Discovery Center at Murfree Spring,0.44999999999999996,1.1111111111111112,0.43333333333333335,NA
162,Riverbend Park,6.84,1.5076081088294548,0.4444809541195084,61.41640786499874
163,Caledon State Park,17.482499999999998,1.4234840589173374,0.44052810518146657,60
166,Oregon Ridge Nature Center,72.81,1.9507908611599296,0.9252163164400494,NA
168,Cuyamaca Outdoor School,0.09,1,0,NA
167,Seven Islands State Birding Park,4.2749999999999995,1.7179443594326258,0.44477201257861637,214.86832980505136
169,Fernbank Museum,5.265000000000001,1.3839936786463778,0.18949204175597364,69.51236646467085
171,Riverbanks,4.7925,1.8014725346582114,0.5967173010183763,87.04163456597992
172,Marin Municipal Water District,9.525,1.5596553505629775,0.6450598158087111,62.3606797749979
173,Lakeside Lab,7.65,2.556858894403015,0.48373983739837395,67.08203932499369
174,Forest Park Camden NY,5.31,2.043880029455998,0.535521639739948,75.35533905932738
175,Schuylkill Center,22.95,1.7951842119119077,0.6638755980861244,60
176,Coweeta - BB,36.94499999999999,1.4753743943116773,0.9167501629195178,60
177,Coweeta - BS,77.49,1.3287904599659284,0.9494773519163763,NA
178,Coweeta - RK,37.53,1.348729792147806,0.4665866346538616,60
179,Fernbank Forest,4.6979999999999995,1.415155807875237,0.23615945844544603,74.20362443986785
181,Crossways Survey,1.45,1.4405846689211648,0.14761699684180304,92.77750217730946
182,Appalachian State University,0.4275,1.15625,0.14583333333333334,252.06083639866205
183,Camp Woods Survey,3.82,1.9581558555535044,0.4664443354378706,67.8639120103915
185,UNCW,1.38,1.464975845410628,0.46085858585858586,176.1577310586391
186,Imago,1.5,1.4641966886578472,0.2503606237816764,128.9604547644999
187,Lake Superior Zoo,16.335,1.682136602451839,0.4343922651933702,67.08203932499369
188,Scott's Run Nature Preserve,33.885,1.2746051032806804,0.46841755319148937,123.69316876852982
189,Potter Park Zoo,0.54,1.6326530612244898,0.3055555555555556,NA
191,EwA at Habitat,4.635,1.5926531106269668,0.42387484096692113,61.180339887498945
192,EwA at Fresh Pond,1.8,1.5779893119572477,0.3184782608695652,190.38802138416995
193,EwA at the Fells,26.19,1.412232204561161,0.4578313253012048,67.08203932499369
194,"Merrimac Farms, Nokesville, VA",9.09,1.907730817214276,0.6855251646175807,60
195,Saint Louis Zoo Historic Valley,0.36,1.3113698309512485,0.20502645502645503,142.17060027990888
197,Triangle Land Conservancy,8.344285714285714,1.6603112050375817,0.5012237436891805,61.01171990357053
198,Forest Meadow,8.267142857142858,1.684324887784922,0.4533533522861881,60
201,Big Branch,16.627499999999998,1.5062779497764018,0.43206977695927973,60
203,88-956651-30,10.35,1.6533337622094297,0.4512937354636465,63.54101966249684
204,Halley STEAM Reston Site,1.5225,1.4907004010525484,0.2743997440048435,101.60395612620049
206,Roger Judson Home,2.86875,1.5475408964113035,0.4162039663797392,91.77050983124842
207,Woodland Edge Hill,5.324999999999999,1.5285021053602492,0.5498218641682694,85.35533905932738
208,"Moyer Sports Complex, Salem VA.",4.14,1.6095414324670265,0.39429251232656803,69.46461113496085
211,Lake Elkhorn Trail,0.972,1.3924158665973316,0.2711212861212861,102.38697061347588
209,Halley Elementary South,2.13,1.5107160541669358,0.19082500489907897,96.8636560009757
210,Woodland Edge Ravine,5.13,1.640681206723742,0.5657144750168006,85.35533905932738
213,Occoquan Forest,3.78,1.9174684342471249,0.4436941945282287,70.78689325833263
214,Inglewood area,0.35,1.2298056231406396,0.20493827160493827,109.75916129930752
215,Putnam Marsh Extension,1.27,1.4099632736821643,0.38686847662375856,80.79988296877316
216,Lillian Anderson Arboretum Fern Oak Site,7.61142857142857,1.497762905447915,0.49350592088687323,65.29743418928481
217,16 Old Paris Mtn,0.54,1.1623931623931623,0.27645502645502645,362.3154621172782
218,White Pond Yard,1.8276923076923075,1.670883264041632,0.4162442275136614,76.96125781853543
220,Liberty Fox Backyard,8.37,1.8190770097417905,0.5541410463993182,60
221,Honeybee House,1.764,1.7314809256969341,0.42152675731564065,62.3606797749979
222,2 Henry Circle,2.120625,1.529009732624493,0.37562101579822615,60.88525491562421
223,Burgundy Center,70.38,1.9487485101311084,0.9230605285592498,NA
227,Bluegrass Elementary Area Caterpillars Count,0.558,1.4679836036978893,0.3161111111111111,170.33008124979764
228,Schoodic,10.35,2.452990803211862,0.5785761819701086,68.2842712474619
229,Camp Henry Hoover - Girl Scouts Heart of New Jersey,13.1625,1.4511772853185596,0.322646804835924,60
230,BHRC Pine Hollow,75.86999999999999,1.3253012048192772,0.9493871095294583,NA
231,BHRC Happy Hill,78.03,1.137521222410866,0.9561707035755479,NA
233,Botany Bay Heritage Preserve,17.1,1.5222625311849745,0.5856481481481481,180.08288703092225
234,Bernheim Arboretum &amp; Research Forest,4.119999999999999,1.514813124911409,0.4704334343294602,73.33333333333333
236,Souther WV caterpillar watch,9.42,1.3308409402161598,0.38197815994426165,70
238,Dale Hollow Lake State Resort Park,54.629999999999995,2.31237322515213,0.8918176825919825,NA
239,Birmingham Zoo AL,1.877142857142857,1.5941702536537927,0.5049886621315193,92.86203867326803
240,Chepiwanoxet,0.8999999999999999,1.3349855431639819,0.4444444444444444,296.95228461098446
241,Scar,1.51,1.4840768436258192,0.4054650970199646,123.04645519795358
242,RBP TRAINING SITE,12.222,1.9185749313621456,0.6284185592087318,60
243,East Blake Lane Park,1.4175,1.3969775761080265,0.22682291666666665,114.53212534223432
244,Saginaw Children's Zoo,4.14,1.4004914004914004,0.7608695652173912,NA
245,Squam Lakes Association,2.886428571428571,1.4470058447075074,0.3881053524955164,60
246,Halyburton Park,0.828,1.3652012383900929,0.32066666666666666,90.23599177473373
247,PAMS TREES,1.8675,1.767345656855707,0.3758912655971479,70.48759228251126
248,Riverbanks Zoo,4.41,1.6337063810400703,0.6189721473495058,78
249,Highlands Biological Station,3.6799999999999997,1.6597404496595762,0.5406889124754048,60
250,Ridge Lodge 1,3.816,1.3809805547645155,0.5228449328449328,72
251,Cowee MAPS Site,4.239999999999999,2.0537824566762386,0.50586623582673,60
252,Kituah MAPS Site,0.6814285714285714,1.2938905291846468,0.19157268170426064,124.95439133481145
253,Big Bald Banding Station,9.465,1.3653939533009751,0.56869983627072,64.14213562373095
254,Site 1,1.062,1.3883220406851708,0.31911249752426224,93.33398450979665
255,EwA at Horn Pond,19.395,2.066429709523226,0.7266414141414141,60
256,Broyhill Park,0.477,1.26639501954628,0.23194444444444445,146.47932542686692
257,Merrimac Farm,8.969999999999999,1.677097854124362,0.6718954248366014,70
259,Harry and Jane P,8.79,1.687226122035097,0.5038893150660351,60
260,Bernheim,35.99999999999999,1.7408215454496683,0.6329742289818335,60
261,Bernheim Forest,78.21,1.1362351611079706,0.9558879938626773,NA
262,Backyard1,0.84375,1.3291417884866086,0.2876024065540195,86.46780870199271
263,BISP Camp Store,2.505,1.4650504382338883,0.36229491982245965,138.5974785742181
264,Center Hill Preserve (MA),9.045,1.5617177893648482,0.49847227383459264,76.21708245126284
265,BISP Creek Landing Road,2.1825,1.5528188709597426,0.3858448829379062,119.83336384628778
266,BISP Watch House Trail,2.2114285714285713,1.5206308818737662,0.3197143779992617,93.80804494284993
267,"Belle Isle State Park, Lancaster, VA",2.25,1.6687070554717613,0.4126028806584362,98.26237921249263
268,BHRC - Pan Hollow,36.989999999999995,1.3976692700325932,0.8817538126361657,60
271,"Riverbend Park - Catawba County, NC",77.49,1.1584327086882453,0.9548974061169183,NA
